{
"n": 15,
"Lp": [
0,
4,
4,
6,
6,
6,
6,
6,
6,
6,
6,
6,
6,
6,
6,
6
],
"Li": [
5,
12,
13,
14,
12,
13
],
"Lx": [
0.7,
0.6,
0.2,
0.4,
0.2,
0.6
],
"D": [
2.0,
2.0,
2.0,
2.0,
2.0,
2.0,
2.0,
2.0,
2.0,
2.0,
2.0,
2.0,
2.0,
2.0,
2.0
],
"Kp": [
0,
5,
6,
9,
10,
11,
16,
17,
18,
19,
20,
21,
22,
28,
34,
39
],
"Ki": [
0,
5,
12,
13,
14,
1,
2,
12,
13,
3,
4,
0,
5,
12,
13,
14,
6,
7,
8,
9,
10,
11,
2,
0,
5,
12,
13,
14,
2,
0,
5,
12,
13,
14,
0,
5,
12,
13,
14
],
"Kx": [
2.0,
1.4,
1.2,
0.4,
0.8,
2.0,
2.0,
0.4,
1.2,
2.0,
2.0,
1.4,
2.98,
0.84,
0.27999999999999997,
0.5599999999999999,
2.0,
2.0,
2.0,
2.0,
2.0,
2.0,
0.4,
1.2,
0.84,
2.8,
0.48,
0.48,
1.2,
0.4,
0.27999999999999997,
0.48,
2.8,
0.16000000000000003,
0.8,
0.5599999999999999,
0.48,
0.16000000000000003,
2.3200000000000003
]
}