{
"n": 15,
"Lp": [
0,
1,
7,
8,
11,
14,
16,
18,
21,
24,
25,
26,
29,
31,
32,
32
],
"Li": [
11,
2,
3,
9,
10,
11,
12,
12,
9,
10,
12,
8,
11,
12,
9,
10,
10,
12,
10,
11,
12,
10,
13,
14,
12,
11,
12,
13,
14,
13,
14,
14
],
"Lx": [
0.2,
0.2,
0.6,
0.1,
0.5,
0.7,
0.6,
0.3,
0.4,
0.5,
0.7,
0.7,
0.3,
0.7,
0.4,
0.4,
0.7,
0.6,
0.7,
0.4,
0.2,
0.1,
0.7,
0.4,
0.7,
0.5,
0.5,
0.4,
0.3,
0.5,
0.7,
0.6
],
"D": [
2.0,
2.0,
2.0,
2.0,
2.0,
2.0,
2.0,
2.0,
2.0,
2.0,
2.0,
2.0,
2.0,
2.0,
2.0
],
"Kp": [
0,
2,
9,
16,
23,
27,
30,
33,
37,
44,
52,
65,
78,
91,
97,
103
],
"Ki": [
0,
11,
1,
2,
3,
9,
10,
11,
12,
1,
2,
3,
9,
10,
11,
12,
1,
2,
3,
9,
10,
11,
12,
4,
8,
11,
12,
5,
9,
10,
6,
10,
12,
7,
10,
11,
12,
10,
13,
14,
4,
8,
11,
12,
5,
1,
2,
3,
9,
10,
11,
12,
8,
13,
14,
7,
6,
5,
1,
2,
3,
9,
10,
11,
12,
13,
14,
7,
4,
8,
1,
2,
3,
9,
10,
12,
0,
11,
13,
14,
7,
6,
4,
8,
1,
2,
3,
9,
10,
11,
12,
11,
12,
8,
10,
13,
14,
11,
12,
8,
10,
13,
14
],
"Kx": [
2.0,
0.4,
2.0,
0.4,
1.2,
0.2,
1.0,
1.4,
1.2,
0.4,
2.08,
0.24,
0.04000000000000001,
0.2,
0.27999999999999997,
0.84,
1.2,
0.24,
2.7199999999999998,
0.92,
1.6,
0.84,
2.12,
2.0,
1.4,
0.6,
1.4,
2.0,
0.8,
0.8,
2.0,
1.4,
1.2,
2.0,
1.4,
0.8,
0.4,
0.2,
1.4,
0.8,
1.4,
2.98,
0.42,
0.9799999999999999,
0.8,
0.2,
0.04000000000000001,
0.92,
2.66,
0.8200000000000001,
0.13999999999999999,
2.08,
0.2,
0.13999999999999999,
0.08000000000000002,
1.4,
1.4,
0.8,
1.0,
0.2,
1.6,
0.8200000000000001,
5.3,
2.26,
2.4199999999999995,
0.8,
0.6,
0.8,
0.6,
0.42,
1.4,
0.27999999999999997,
0.84,
0.13999999999999999,
2.26,
2.42,
0.4,
4.06,
1.4,
1.7,
0.4,
1.2,
1.4,
0.9799999999999999,
1.2,
0.84,
2.12,
2.08,
2.4199999999999995,
2.42,
7.14,
0.8,
1.4,
1.4,
0.13999999999999999,
3.8,
2.7,
0.6,
1.7,
0.8,
0.08000000000000002,
2.7,
4.2
]
}