{
"n": 15,
"Lp": [
0,
4,
5,
9,
10,
11,
12,
16,
17,
18,
19,
20,
23,
25,
26,
26
],
"Li": [
5,
12,
13,
14,
6,
7,
12,
13,
14,
8,
9,
10,
10,
12,
13,
14,
11,
11,
11,
14,
12,
13,
14,
13,
14,
14
],
"Lx": [
0.7,
0.6,
0.2,
0.4,
0.1,
0.1,
0.2,
0.3,
0.6,
0.4,
0.3,
0.2,
0.5,
0.1,
0.4,
0.4,
0.3,
0.7,
0.1,
0.5,
0.7,
0.5,
0.3,
0.2,
0.5,
0.1
],
"D": [
2.0,
2.0,
2.0,
2.0,
2.0,
2.0,
2.0,
2.0,
2.0,
2.0,
2.0,
2.0,
2.0,
2.0,
2.0
],
"Kp": [
0,
5,
7,
12,
14,
16,
22,
28,
34,
37,
40,
46,
53,
63,
73,
83
],
"Ki": [
0,
5,
12,
13,
14,
1,
6,
2,
7,
12,
13,
14,
3,
8,
4,
9,
10,
0,
5,
12,
13,
14,
10,
12,
13,
14,
1,
6,
11,
2,
7,
12,
13,
14,
11,
3,
8,
11,
4,
9,
6,
12,
13,
14,
5,
10,
12,
13,
14,
9,
8,
7,
11,
11,
6,
10,
2,
7,
0,
5,
12,
13,
14,
11,
6,
10,
2,
7,
0,
5,
12,
13,
14,
11,
6,
10,
2,
7,
0,
5,
12,
13,
14
],
"Kx": [
2.0,
1.4,
1.2,
0.4,
0.8,
2.0,
0.2,
2.0,
0.2,
0.4,
0.6,
1.2,
2.0,
0.8,
2.0,
0.6,
0.4,
1.4,
2.98,
0.84,
0.27999999999999997,
0.5599999999999999,
1.0,
0.2,
0.8,
0.8,
0.2,
2.02,
0.6,
0.2,
2.02,
0.04000000000000001,
0.06,
0.12,
1.4,
0.8,
2.3200000000000003,
0.2,
0.6,
2.18,
1.0,
0.1,
0.4,
1.4,
0.4,
2.58,
1.4,
1.0,
0.6,
0.2,
1.4,
0.6,
3.1799999999999997,
1.4,
0.2,
0.1,
0.4,
0.04000000000000001,
1.2,
0.84,
3.8,
1.54,
2.2199999999999998,
1.0,
0.8,
0.4,
0.6,
0.06,
0.4,
0.27999999999999997,
1.54,
3.16,
1.54,
0.6,
0.8,
1.4,
1.2,
0.12,
0.8,
0.5599999999999999,
2.2199999999999998,
1.54,
4.5600000000000005
]
}