{
"n": 3,
"Lp": [
0,
2,
3,
3
],
"Li": [
1,
2,
2
],
"Lx": [
0.5,
0.7,
0.3
],
"D": [
2.0,
2.0,
2.0
],
"Kp": [
0,
3,
6,
9
],
"Ki": [
0,
1,
2,
0,
1,
2,
0,
1,
2
],
"Kx": [
2.0,
1.0,
1.4,
1.0,
2.5,
1.2999999999999998,
1.4,
1.2999999999999998,
3.16
]
}