{
"n": 15,
"Lp": [
0,
11,
21,
30,
39,
49,
54,
59,
66,
72,
77,
81,
84,
86,
87,
87
],
"Li": [
1,
2,
3,
4,
5,
6,
10,
11,
12,
13,
14,
2,
3,
4,
5,
6,
10,
11,
12,
13,
14,
3,
4,
5,
6,
10,
11,
12,
13,
14,
4,
5,
6,
7,
10,
11,
12,
13,
14,
5,
6,
7,
8,
9,
10,
11,
12,
13,
14,
6,
7,
8,
9,
14,
7,
8,
9,
13,
14,
8,
9,
10,
11,
12,
13,
14,
9,
10,
11,
12,
13,
14,
10,
11,
12,
13,
14,
11,
12,
13,
14,
12,
13,
14,
13,
14,
14
],
"Lx": [
0.5,
0.2,
0.5,
0.7,
0.2,
0.4,
0.3,
0.3,
0.6,
0.4,
0.1,
0.6,
0.5,
0.4,
0.5,
0.3,
0.5,
0.1,
0.1,
0.5,
0.2,
0.4,
0.7,
0.6,
0.6,
0.6,
0.7,
0.7,
0.6,
0.3,
0.1,
0.7,
0.2,
0.4,
0.7,
0.1,
0.5,
0.2,
0.5,
0.4,
0.5,
0.5,
0.3,
0.1,
0.5,
0.1,
0.2,
0.7,
0.7,
0.4,
0.6,
0.5,
0.4,
0.7,
0.2,
0.5,
0.1,
0.4,
0.6,
0.7,
0.6,
0.7,
0.1,
0.5,
0.6,
0.3,
0.6,
0.3,
0.6,
0.4,
0.2,
0.4,
0.7,
0.6,
0.4,
0.6,
0.7,
0.4,
0.4,
0.6,
0.3,
0.7,
0.3,
0.5,
0.5,
0.7,
0.7
],
"D": [
2.0,
2.0,
2.0,
2.0,
2.0,
2.0,
2.0,
2.0,
2.0,
2.0,
2.0,
2.0,
2.0,
2.0,
2.0
],
"Kp": [
0,
12,
24,
36,
49,
64,
79,
94,
106,
117,
128,
143,
158,
173,
188,
203
],
"Ki": [
0,
1,
2,
3,
4,
5,
6,
10,
11,
12,
13,
14,
0,
1,
2,
3,
4,
5,
6,
10,
11,
12,
13,
14,
0,
1,
2,
3,
4,
5,
6,
10,
11,
12,
13,
14,
7,
0,
1,
2,
3,
4,
5,
6,
10,
11,
12,
13,
14,
8,
9,
7,
0,
1,
2,
3,
4,
5,
6,
10,
11,
12,
13,
14,
8,
9,
7,
0,
1,
2,
3,
4,
5,
6,
10,
11,
12,
13,
14,
8,
9,
7,
0,
1,
2,
3,
4,
5,
6,
10,
11,
12,
13,
14,
8,
9,
3,
4,
5,
6,
7,
10,
11,
12,
13,
14,
4,
5,
6,
7,
8,
9,
10,
11,
12,
13,
14,
4,
5,
6,
7,
8,
9,
10,
11,
12,
13,
14,
8,
9,
7,
0,
1,
2,
3,
4,
5,
6,
10,
11,
12,
13,
14,
8,
9,
7,
0,
1,
2,
3,
4,
5,
6,
10,
11,
12,
13,
14,
8,
9,
7,
0,
1,
2,
3,
4,
5,
6,
10,
11,
12,
13,
14,
8,
9,
7,
0,
1,
2,
3,
4,
5,
6,
10,
11,
12,
13,
14,
8,
9,
7,
0,
1,
2,
3,
4,
5,
6,
10,
11,
12,
13,
14
],
"Kx": [
2.0,
1.0,
0.4,
1.0,
1.4,
0.4,
0.8,
0.6,
0.6,
1.2,
0.8,
0.2,
1.0,
2.5,
1.4,
1.5,
1.5,
1.2,
1.0,
1.3,
0.5,
0.8,
1.4,
0.5,
0.4,
1.4,
2.8,
1.6,
2.16,
1.88,
1.72,
1.92,
1.64,
1.7599999999999998,
1.96,
0.88,
0.8,
1.0,
1.5,
1.6,
3.3200000000000003,
1.86,
2.58,
1.58,
2.6799999999999997,
1.16,
2.26,
1.7799999999999998,
1.54,
0.6,
0.2,
1.08,
1.4,
1.5,
2.16,
1.86,
4.3,
2.46,
2.6799999999999997,
2.8,
1.7,
2.4,
3.2399999999999998,
2.2199999999999998,
1.24,
0.8800000000000001,
2.16,
0.4,
1.2,
1.88,
2.58,
2.46,
4.6,
2.66,
2.7199999999999998,
1.28,
2.04,
2.2199999999999998,
3.26,
1.7,
0.6200000000000001,
1.54,
0.8,
1.0,
1.72,
1.58,
2.6799999999999997,
2.66,
4.12,
2.04,
1.28,
1.7799999999999998,
2.92,
3.2199999999999998,
2.5,
1.8199999999999998,
0.8,
1.08,
2.16,
1.54,
3.62,
2.46,
0.38,
1.6,
2.2199999999999998,
2.78,
0.6,
1.24,
1.7,
2.5,
4.16,
2.5999999999999996,
1.88,
1.4,
1.62,
2.06,
2.9399999999999995,
0.2,
0.8800000000000001,
0.6200000000000001,
1.8199999999999998,
2.5999999999999996,
3.8,
2.6999999999999997,
2.06,
1.9200000000000002,
2.38,
3.0599999999999996,
1.88,
2.6999999999999997,
2.46,
0.6,
1.3,
1.92,
2.6799999999999997,
2.8,
2.7199999999999998,
2.04,
7.02,
3.5,
4.5,
5.44,
4.26,
1.4,
2.06,
0.38,
0.6,
0.5,
1.64,
1.16,
1.7,
1.28,
1.28,
3.5,
5.0,
4.279999999999999,
3.52,
3.38,
1.62,
1.9200000000000002,
1.6,
1.2,
0.8,
1.7599999999999998,
2.26,
2.4,
2.04,
1.7799999999999998,
4.5,
4.279999999999999,
6.74,
5.04,
4.880000000000001,
2.06,
2.38,
2.2199999999999998,
0.8,
1.4,
1.96,
1.7799999999999998,
3.2399999999999998,
2.2199999999999998,
2.92,
5.44,
3.52,
5.04,
7.839999999999999,
6.42,
2.9399999999999995,
3.0599999999999996,
2.78,
0.2,
0.5,
0.88,
1.54,
2.2199999999999998,
3.26,
3.2199999999999998,
4.26,
3.38,
4.880000000000001,
6.42,
9.579999999999998
]
}