{
"n": 15,
"Lp": [
0,
6,
11,
15,
18,
20,
21,
21,
28,
34,
39,
43,
46,
48,
49,
49
],
"Li": [
1,
2,
3,
4,
5,
6,
2,
3,
4,
5,
6,
3,
4,
5,
6,
4,
5,
6,
5,
6,
6,
8,
9,
10,
11,
12,
13,
14,
9,
10,
11,
12,
13,
14,
10,
11,
12,
13,
14,
11,
12,
13,
14,
12,
13,
14,
13,
14,
14
],
"Lx": [
0.5,
0.2,
0.5,
0.7,
0.2,
0.4,
0.6,
0.5,
0.4,
0.5,
0.3,
0.4,
0.7,
0.6,
0.4,
0.1,
0.7,
0.6,
0.4,
0.1,
0.4,
0.7,
0.6,
0.7,
0.1,
0.5,
0.7,
0.3,
0.6,
0.3,
0.5,
0.4,
0.2,
0.4,
0.7,
0.6,
0.3,
0.7,
0.7,
0.4,
0.2,
0.6,
0.3,
0.7,
0.3,
0.5,
0.5,
0.7,
0.7
],
"D": [
2.0,
2.0,
2.0,
2.0,
2.0,
2.0,
2.0,
2.0,
2.0,
2.0,
2.0,
2.0,
2.0,
2.0,
2.0
],
"Kp": [
0,
7,
14,
21,
28,
35,
42,
49,
57,
65,
73,
81,
89,
97,
105,
113
],
"Ki": [
0,
1,
2,
3,
4,
5,
6,
0,
1,
2,
3,
4,
5,
6,
0,
1,
2,
3,
4,
5,
6,
0,
1,
2,
3,
4,
5,
6,
0,
1,
2,
3,
4,
5,
6,
0,
1,
2,
3,
4,
5,
6,
0,
1,
2,
3,
4,
5,
6,
7,
8,
9,
10,
11,
12,
13,
14,
7,
8,
9,
10,
11,
12,
13,
14,
7,
8,
9,
10,
11,
12,
13,
14,
7,
8,
9,
10,
11,
12,
13,
14,
7,
8,
9,
10,
11,
12,
13,
14,
7,
8,
9,
10,
11,
12,
13,
14,
7,
8,
9,
10,
11,
12,
13,
14,
7,
8,
9,
10,
11,
12,
13,
14
],
"Kx": [
2.0,
1.0,
0.4,
1.0,
1.4,
0.4,
0.8,
1.0,
2.5,
1.4,
1.5,
1.5,
1.2,
1.0,
0.4,
1.4,
2.8,
1.6,
2.16,
1.88,
1.32,
1.0,
1.5,
1.6,
3.3200000000000003,
1.86,
2.58,
2.2199999999999998,
1.4,
1.5,
2.16,
1.86,
4.3,
2.46,
1.68,
0.4,
1.2,
1.88,
2.58,
2.46,
4.6,
2.66,
0.8,
1.0,
1.32,
2.2199999999999998,
1.68,
2.66,
3.88,
2.0,
1.4,
1.2,
1.4,
0.2,
1.0,
1.4,
0.6,
1.4,
2.98,
2.04,
1.5799999999999998,
1.14,
1.5,
1.38,
1.22,
1.2,
2.04,
3.44,
2.5999999999999996,
1.92,
1.6800000000000002,
2.48,
2.2399999999999998,
1.4,
1.5799999999999998,
2.5999999999999996,
4.14,
2.08,
1.7599999999999998,
3.2799999999999994,
2.2399999999999998,
0.2,
1.14,
1.92,
2.08,
3.56,
2.42,
2.26,
2.54,
1.0,
1.5,
1.6800000000000002,
1.7599999999999998,
2.42,
4.0600000000000005,
2.94,
3.26,
1.4,
1.38,
2.48,
3.2799999999999994,
2.26,
2.94,
5.4399999999999995,
4.32,
0.6,
1.22,
2.2399999999999998,
2.2399999999999998,
2.54,
3.26,
4.32,
6.12
]
}