{
"n": 15,
"Lp": [
0,
6,
11,
15,
18,
20,
21,
21,
28,
34,
39,
43,
46,
48,
49,
49
],
"Li": [
1,
2,
3,
4,
5,
6,
2,
3,
4,
5,
6,
3,
4,
5,
6,
4,
5,
6,
5,
6,
6,
8,
9,
10,
11,
12,
13,
14,
9,
10,
11,
12,
13,
14,
10,
11,
12,
13,
14,
11,
12,
13,
14,
12,
13,
14,
13,
14,
14
],
"Lx": [
0.5,
0.2,
0.5,
0.7,
0.2,
0.4,
0.6,
0.5,
0.4,
0.5,
0.3,
0.4,
0.7,
0.6,
0.4,
0.1,
0.7,
0.6,
0.4,
0.1,
0.4,
0.7,
0.6,
0.7,
0.1,
0.5,
0.7,
0.3,
0.6,
0.3,
0.5,
0.4,
0.2,
0.4,
0.7,
0.6,
0.3,
0.7,
0.7,
0.4,
0.2,
0.6,
0.3,
0.7,
0.3,
0.5,
0.5,
0.7,
0.7
],
"D": [
2.0,
2.0,
2.0,
2.0,
2.0,
2.0,
2.0,
2.0,
2.0,
2.0,
2.0,
2.0,
2.0,
2.0,
2.0
],
"Kp": [
0,
0,
6,
12,
18,
24,
30,
36,
36,
43,
50,
57,
64,
71,
78,
85
],
"Ki": [
1,
2,
3,
4,
5,
6,
1,
2,
3,
4,
5,
6,
1,
2,
3,
4,
5,
6,
1,
2,
3,
4,
5,
6,
1,
2,
3,
4,
5,
6,
1,
2,
3,
4,
5,
6,
8,
9,
10,
11,
12,
13,
14,
8,
9,
10,
11,
12,
13,
14,
8,
9,
10,
11,
12,
13,
14,
8,
9,
10,
11,
12,
13,
14,
8,
9,
10,
11,
12,
13,
14,
8,
9,
10,
11,
12,
13,
14,
8,
9,
10,
11,
12,
13,
14
],
"Kx": [
0.5,
0.2,
0.5,
0.7,
0.2,
0.4,
0.2,
0.8,
0.8,
0.76,
0.6799999999999999,
0.52,
0.5,
0.8,
1.32,
1.6600000000000001,
1.18,
1.02,
0.7,
0.76,
1.6600000000000001,
2.3,
1.66,
1.48,
0.2,
0.6799999999999999,
1.18,
1.66,
2.5999999999999996,
1.8599999999999999,
0.4,
0.52,
1.02,
1.48,
1.8599999999999999,
1.8800000000000001,
0.9799999999999999,
0.84,
0.9799999999999999,
0.13999999999999999,
0.7,
0.9799999999999999,
0.42,
0.84,
1.44,
1.2,
0.72,
1.08,
1.08,
0.84,
0.9799999999999999,
1.2,
2.1399999999999997,
1.2799999999999998,
1.3599999999999999,
2.0799999999999996,
1.6399999999999997,
0.13999999999999999,
0.72,
1.2799999999999998,
1.56,
1.02,
1.66,
1.54,
0.7,
1.08,
1.3599999999999999,
1.02,
2.06,
1.94,
1.86,
0.9799999999999999,
1.08,
2.0799999999999996,
1.66,
1.94,
3.44,
2.92,
0.42,
0.84,
1.6399999999999997,
1.54,
1.86,
2.92,
4.12
]
}