{
"n": 4,
"Lp": [
0,
2,
4,
5,
5
],
"Li": [
1,
3,
2,
3,
3
],
"Lx": [
0.6,
0.2,
0.6,
0.6,
0.6
],
"D": [
2.0,
2.0,
2.0,
2.0
],
"Kp": [
0,
3,
7,
10,
14
],
"Ki": [
0,
1,
3,
2,
0,
1,
3,
1,
2,
3,
2,
0,
1,
3
],
"Kx": [
2.0,
1.2,
0.4,
1.2,
1.2,
2.7199999999999998,
1.44,
1.2,
2.7199999999999998,
1.92,
1.92,
0.4,
1.44,
3.52
]
}