{
"n": 15,
"Lp": [
0,
4,
5,
9,
10,
11,
12,
16,
17,
18,
19,
20,
23,
25,
26,
26
],
"Li": [
5,
12,
13,
14,
6,
7,
12,
13,
14,
8,
9,
10,
10,
12,
13,
14,
11,
11,
11,
14,
12,
13,
14,
13,
14,
14
],
"Lx": [
0.7,
0.6,
0.2,
0.4,
0.1,
0.1,
0.2,
0.3,
0.6,
0.4,
0.3,
0.2,
0.5,
0.1,
0.4,
0.4,
0.3,
0.7,
0.1,
0.5,
0.7,
0.5,
0.3,
0.2,
0.5,
0.1
],
"D": [
2.0,
2.0,
2.0,
2.0,
2.0,
2.0,
2.0,
2.0,
2.0,
2.0,
2.0,
2.0,
2.0,
2.0,
2.0
],
"Kp": [
0,
0,
0,
0,
0,
0,
4,
5,
9,
10,
11,
15,
16,
22,
28,
34
],
"Ki": [
5,
12,
13,
14,
6,
7,
12,
13,
14,
8,
9,
12,
13,
14,
10,
11,
10,
7,
5,
12,
13,
14,
10,
7,
5,
12,
13,
14,
10,
7,
5,
12,
13,
14
],
"Kx": [
0.9799999999999999,
0.84,
0.27999999999999997,
0.5599999999999999,
0.020000000000000004,
0.020000000000000004,
0.04000000000000001,
0.06,
0.12,
0.32000000000000006,
0.18,
0.1,
0.4,
0.4,
0.5800000000000001,
1.18,
0.1,
0.04000000000000001,
0.84,
1.7999999999999998,
1.14,
1.22,
0.4,
0.06,
0.27999999999999997,
1.14,
1.1600000000000001,
1.34,
0.4,
0.12,
0.5599999999999999,
1.22,
1.34,
2.56
]
}